{"input_layer":[7,3],"hidden_layer":[4.9626326240467264,4.9626326240467264],"output_layer":[10.005849265682622],"weights_ih":[[0.4962632629639739,0.4962632629639739],[0.4962632610996366,0.4962632610996366]],"weights_ho":[[1.008119079498117],[1.008119079498117]],"learning_rate":1e-14}