{"input_layer":[2,7],"hidden_layer":[15.780924827802309,15.780924827802309],"output_layer":[31.816186814903737],"weights_ih":[[1.753436092388159,1.753436092388159],[1.7534360918608558,1.7534360918608558]],"weights_ho":[[1.0080583730698418],[1.0080583730698418]],"learning_rate":1e-13}